-- MySQL dump 10.13  Distrib 5.7.17, for Win64 (x86_64)
--
-- Host: 127.0.0.1    Database: test
-- ------------------------------------------------------
-- Server version	5.5.5-10.1.32-MariaDB

/*!40101 SET @OLD_CHARACTER_SET_CLIENT=@@CHARACTER_SET_CLIENT */;
/*!40101 SET @OLD_CHARACTER_SET_RESULTS=@@CHARACTER_SET_RESULTS */;
/*!40101 SET @OLD_COLLATION_CONNECTION=@@COLLATION_CONNECTION */;
/*!40101 SET NAMES utf8 */;
/*!40103 SET @OLD_TIME_ZONE=@@TIME_ZONE */;
/*!40103 SET TIME_ZONE='+00:00' */;
/*!40014 SET @OLD_UNIQUE_CHECKS=@@UNIQUE_CHECKS, UNIQUE_CHECKS=0 */;
/*!40014 SET @OLD_FOREIGN_KEY_CHECKS=@@FOREIGN_KEY_CHECKS, FOREIGN_KEY_CHECKS=0 */;
/*!40101 SET @OLD_SQL_MODE=@@SQL_MODE, SQL_MODE='NO_AUTO_VALUE_ON_ZERO' */;
/*!40111 SET @OLD_SQL_NOTES=@@SQL_NOTES, SQL_NOTES=0 */;

--
-- Table structure for table `dev_translate_type`
--

DROP TABLE IF EXISTS `dev_translate_type`;
/*!40101 SET @saved_cs_client     = @@character_set_client */;
/*!40101 SET character_set_client = utf8 */;
CREATE TABLE `dev_translate_type` (
  `id` int(11) NOT NULL,
  `code` varchar(45) NOT NULL,
  `comment` text,
  PRIMARY KEY (`id`)
) ENGINE=InnoDB DEFAULT CHARSET=latin1;
/*!40101 SET character_set_client = @saved_cs_client */;

--
-- Dumping data for table `dev_translate_type`
--

LOCK TABLES `dev_translate_type` WRITE;
/*!40000 ALTER TABLE `dev_translate_type` DISABLE KEYS */;
INSERT INTO `dev_translate_type` VALUES (1,'validation','type of message validation'),(2,'label',NULL);
/*!40000 ALTER TABLE `dev_translate_type` ENABLE KEYS */;
UNLOCK TABLES;

--
-- Table structure for table `dev_translation`
--

DROP TABLE IF EXISTS `dev_translation`;
/*!40101 SET @saved_cs_client     = @@character_set_client */;
/*!40101 SET character_set_client = utf8 */;
CREATE TABLE `dev_translation` (
  `id` int(11) NOT NULL AUTO_INCREMENT,
  `lang_code` varchar(20) NOT NULL DEFAULT 'EN',
  `translate_type` int(11) DEFAULT NULL,
  `code` varchar(100) NOT NULL,
  `text` text,
  `input_type` int(11) NOT NULL DEFAULT '0',
  `created_at` datetime DEFAULT NULL,
  `updated_at` datetime DEFAULT NULL,
  `is_deleted` tinyint(1) DEFAULT NULL,
  PRIMARY KEY (`id`)
) ENGINE=InnoDB AUTO_INCREMENT=14 DEFAULT CHARSET=latin1;
/*!40101 SET character_set_client = @saved_cs_client */;

--
-- Dumping data for table `dev_translation`
--

LOCK TABLES `dev_translation` WRITE;
/*!40000 ALTER TABLE `dev_translation` DISABLE KEYS */;
INSERT INTO `dev_translation` VALUES (1,'EN',1,'accepted','The :attribute must be accepted.',0,NULL,NULL,NULL),(2,'EN',1,'active_url','The :attribute is not a valid URL.',0,NULL,NULL,NULL),(4,'EN',1,'min','The :attribute must be at least :min kilobytes.',2,NULL,NULL,NULL),(5,'EN',1,'min','The :attribute must be at least :min characters.',3,NULL,NULL,NULL),(6,'EN',1,'min','The :attribute must have at least :min items.',4,NULL,NULL,NULL),(7,'EN',1,'after','The :attribute must be a date after :date.',0,NULL,NULL,NULL),(8,'EN',1,'after_or_equal','The :attribute must be a date after or equal to :date.',0,NULL,NULL,NULL),(9,'EN',1,'between','The :attribute must be between :min and :max.',1,NULL,NULL,NULL),(10,'EN',1,'between','The :attribute must be at least :min kilobytes.',2,NULL,NULL,NULL),(11,'EN',1,'between','The :attribute must be at least :min characters.',3,NULL,NULL,NULL),(12,'EN',1,'between','The :attribute must have at least :min items.',4,NULL,NULL,NULL),(13,'EN',1,'min','The :attribute must be at least :min.',1,NULL,NULL,NULL);
/*!40000 ALTER TABLE `dev_translation` ENABLE KEYS */;
UNLOCK TABLES;

--
-- Table structure for table `dev_validation_input_type`
--

DROP TABLE IF EXISTS `dev_validation_input_type`;
/*!40101 SET @saved_cs_client     = @@character_set_client */;
/*!40101 SET character_set_client = utf8 */;
CREATE TABLE `dev_validation_input_type` (
  `id` int(11) NOT NULL,
  `type_name` varchar(45) DEFAULT NULL,
  PRIMARY KEY (`id`)
) ENGINE=InnoDB DEFAULT CHARSET=latin1;
/*!40101 SET character_set_client = @saved_cs_client */;

--
-- Dumping data for table `dev_validation_input_type`
--

LOCK TABLES `dev_validation_input_type` WRITE;
/*!40000 ALTER TABLE `dev_validation_input_type` DISABLE KEYS */;
INSERT INTO `dev_validation_input_type` VALUES (1,'numeric'),(2,'file'),(3,'string'),(4,'array');
/*!40000 ALTER TABLE `dev_validation_input_type` ENABLE KEYS */;
UNLOCK TABLES;

--
-- Table structure for table `sys_languages`
--

DROP TABLE IF EXISTS `sys_languages`;
/*!40101 SET @saved_cs_client     = @@character_set_client */;
/*!40101 SET character_set_client = utf8 */;
CREATE TABLE `sys_languages` (
  `id` int(11) NOT NULL,
  `code` varchar(45) NOT NULL,
  `name` varchar(45) DEFAULT NULL,
  PRIMARY KEY (`id`),
  UNIQUE KEY `code_UNIQUE` (`code`)
) ENGINE=InnoDB DEFAULT CHARSET=latin1;
/*!40101 SET character_set_client = @saved_cs_client */;

--
-- Dumping data for table `sys_languages`
--

LOCK TABLES `sys_languages` WRITE;
/*!40000 ALTER TABLE `sys_languages` DISABLE KEYS */;
INSERT INTO `sys_languages` VALUES (1,'JP','Japanese'),(2,'EN','English');
/*!40000 ALTER TABLE `sys_languages` ENABLE KEYS */;
UNLOCK TABLES;

--
-- Table structure for table `sys_permissions`
--

DROP TABLE IF EXISTS `sys_permissions`;
/*!40101 SET @saved_cs_client     = @@character_set_client */;
/*!40101 SET character_set_client = utf8 */;
CREATE TABLE `sys_permissions` (
  `id` int(11) NOT NULL,
  `permission_value` int(11) DEFAULT NULL,
  `permission_name` varchar(45) DEFAULT NULL,
  `descriptions` text,
  PRIMARY KEY (`id`),
  UNIQUE KEY `permission_value_UNIQUE` (`permission_value`)
) ENGINE=InnoDB DEFAULT CHARSET=latin1;
/*!40101 SET character_set_client = @saved_cs_client */;

--
-- Dumping data for table `sys_permissions`
--

LOCK TABLES `sys_permissions` WRITE;
/*!40000 ALTER TABLE `sys_permissions` DISABLE KEYS */;
/*!40000 ALTER TABLE `sys_permissions` ENABLE KEYS */;
UNLOCK TABLES;

--
-- Table structure for table `sys_role_map_screen`
--

DROP TABLE IF EXISTS `sys_role_map_screen`;
/*!40101 SET @saved_cs_client     = @@character_set_client */;
/*!40101 SET character_set_client = utf8 */;
CREATE TABLE `sys_role_map_screen` (
  `id` int(11) NOT NULL AUTO_INCREMENT,
  `role_value` int(11) DEFAULT NULL,
  `screen_id` int(11) DEFAULT NULL,
  `is_active` tinyint(4) NOT NULL DEFAULT '0',
  PRIMARY KEY (`id`)
) ENGINE=InnoDB AUTO_INCREMENT=37 DEFAULT CHARSET=latin1;
/*!40101 SET character_set_client = @saved_cs_client */;

--
-- Dumping data for table `sys_role_map_screen`
--

LOCK TABLES `sys_role_map_screen` WRITE;
/*!40000 ALTER TABLE `sys_role_map_screen` DISABLE KEYS */;
INSERT INTO `sys_role_map_screen` VALUES (1,1,1,1),(2,1,2,1),(3,1,3,1),(4,1,4,1),(5,1,5,1),(6,1,6,1),(7,1,7,1),(8,1,8,1),(9,1,9,1),(10,1,10,1),(11,1,11,1),(12,1,12,1),(13,2,1,0),(14,2,2,0),(15,2,3,0),(16,2,4,0),(17,2,5,0),(18,2,6,0),(19,2,7,0),(20,2,8,0),(21,2,9,0),(22,2,10,0),(23,2,11,0),(24,2,12,0),(25,3,1,0),(26,3,2,0),(27,3,3,0),(28,3,4,0),(29,3,5,0),(30,3,6,0),(31,3,7,0),(32,3,8,0),(33,3,9,0),(34,3,10,0),(35,3,11,0),(36,3,12,0);
/*!40000 ALTER TABLE `sys_role_map_screen` ENABLE KEYS */;
UNLOCK TABLES;

--
-- Table structure for table `sys_roles`
--

DROP TABLE IF EXISTS `sys_roles`;
/*!40101 SET @saved_cs_client     = @@character_set_client */;
/*!40101 SET character_set_client = utf8 */;
CREATE TABLE `sys_roles` (
  `id` int(11) NOT NULL AUTO_INCREMENT,
  `name` varchar(45) DEFAULT NULL,
  `role_value` int(11) DEFAULT NULL,
  `description` text,
  PRIMARY KEY (`id`),
  UNIQUE KEY `value_UNIQUE` (`role_value`)
) ENGINE=InnoDB AUTO_INCREMENT=4 DEFAULT CHARSET=latin1;
/*!40101 SET character_set_client = @saved_cs_client */;

--
-- Dumping data for table `sys_roles`
--

LOCK TABLES `sys_roles` WRITE;
/*!40000 ALTER TABLE `sys_roles` DISABLE KEYS */;
INSERT INTO `sys_roles` VALUES (1,'System Administrator',1,'Full access'),(2,'Mananger',2,NULL),(3,'User',3,NULL);
/*!40000 ALTER TABLE `sys_roles` ENABLE KEYS */;
UNLOCK TABLES;

--
-- Table structure for table `sys_screens`
--

DROP TABLE IF EXISTS `sys_screens`;
/*!40101 SET @saved_cs_client     = @@character_set_client */;
/*!40101 SET character_set_client = utf8 */;
CREATE TABLE `sys_screens` (
  `id` int(11) NOT NULL,
  `module` varchar(45) DEFAULT NULL,
  `controller` varchar(45) DEFAULT NULL,
  `action` varchar(45) DEFAULT NULL,
  `description` varchar(45) DEFAULT NULL,
  PRIMARY KEY (`id`)
) ENGINE=InnoDB DEFAULT CHARSET=latin1;
/*!40101 SET character_set_client = @saved_cs_client */;

--
-- Dumping data for table `sys_screens`
--

LOCK TABLES `sys_screens` WRITE;
/*!40000 ALTER TABLE `sys_screens` DISABLE KEYS */;
INSERT INTO `sys_screens` VALUES (1,'','logincontroller','showloginform',NULL),(2,'','logincontroller','login',NULL),(3,'','logincontroller','logout',NULL),(4,'','registercontroller','showregistrationform',NULL),(5,'','registercontroller','register',NULL),(6,'','forgotpasswordcontroller','showlinkrequestform',NULL),(7,'','forgotpasswordcontroller','sendresetlinkemail',NULL),(8,'','resetpasswordcontroller','showresetform',NULL),(9,'','resetpasswordcontroller','reset',NULL),(10,'api','somecontroller','index',NULL),(11,'web','homecontroller','index',NULL),(12,'web','somecontroller','index',NULL);
/*!40000 ALTER TABLE `sys_screens` ENABLE KEYS */;
UNLOCK TABLES;

--
-- Table structure for table `users`
--

DROP TABLE IF EXISTS `users`;
/*!40101 SET @saved_cs_client     = @@character_set_client */;
/*!40101 SET character_set_client = utf8 */;
CREATE TABLE `users` (
  `id` int(11) NOT NULL AUTO_INCREMENT,
  `email` varchar(100) COLLATE utf8_unicode_ci DEFAULT NULL,
  `password` varchar(255) COLLATE utf8_unicode_ci DEFAULT NULL,
  `role_value` int(11) DEFAULT NULL,
  `remember_token` varchar(255) COLLATE utf8_unicode_ci DEFAULT NULL,
  `is_active` tinyint(4) DEFAULT NULL,
  PRIMARY KEY (`id`),
  UNIQUE KEY `email_UNIQUE` (`email`)
) ENGINE=InnoDB AUTO_INCREMENT=3 DEFAULT CHARSET=utf8 COLLATE=utf8_unicode_ci;
/*!40101 SET character_set_client = @saved_cs_client */;

--
-- Dumping data for table `users`
--

LOCK TABLES `users` WRITE;
/*!40000 ALTER TABLE `users` DISABLE KEYS */;
INSERT INTO `users` VALUES (1,'1@mail.com','$2y$10$XQHQV4cWDV4GNjukZPSUxu.rDeRnaOG5NwFbNsOX0CIeBGJ527K06',1,'rl9szeEfbinVaewXyoIyXMZ9QKRs80bADOAf262X68przt0lfOqeaMZdTtTw',0),(2,'2@mail.com','$2y$10$XQHQV4cWDV4GNjukZPSUxu.rDeRnaOG5NwFbNsOX0CIeBGJ527K06',2,'PwOwGpFrvDQoecoCucnrifgvHO6B1KpxmHb8zFQ68Swza4pV99UNMAe8fe7a',1);
/*!40000 ALTER TABLE `users` ENABLE KEYS */;
UNLOCK TABLES;

--
-- Dumping routines for database 'test'
--
/*!50003 DROP PROCEDURE IF EXISTS `DEV_GET_LANGUAGE_CODE_LST` */;
/*!50003 SET @saved_cs_client      = @@character_set_client */ ;
/*!50003 SET @saved_cs_results     = @@character_set_results */ ;
/*!50003 SET @saved_col_connection = @@collation_connection */ ;
/*!50003 SET character_set_client  = utf8 */ ;
/*!50003 SET character_set_results = utf8 */ ;
/*!50003 SET collation_connection  = utf8_general_ci */ ;
/*!50003 SET @saved_sql_mode       = @@sql_mode */ ;
/*!50003 SET sql_mode              = 'NO_AUTO_CREATE_USER,NO_ENGINE_SUBSTITUTION' */ ;
DELIMITER ;;
CREATE DEFINER=`root`@`localhost` PROCEDURE `DEV_GET_LANGUAGE_CODE_LST`()
BEGIN
	SELECT
		code
	FROM sys_languages;
END ;;
DELIMITER ;
/*!50003 SET sql_mode              = @saved_sql_mode */ ;
/*!50003 SET character_set_client  = @saved_cs_client */ ;
/*!50003 SET character_set_results = @saved_cs_results */ ;
/*!50003 SET collation_connection  = @saved_col_connection */ ;
/*!50003 DROP PROCEDURE IF EXISTS `DEV_GET_ROLES_LST` */;
/*!50003 SET @saved_cs_client      = @@character_set_client */ ;
/*!50003 SET @saved_cs_results     = @@character_set_results */ ;
/*!50003 SET @saved_col_connection = @@collation_connection */ ;
/*!50003 SET character_set_client  = utf8 */ ;
/*!50003 SET character_set_results = utf8 */ ;
/*!50003 SET collation_connection  = utf8_general_ci */ ;
/*!50003 SET @saved_sql_mode       = @@sql_mode */ ;
/*!50003 SET sql_mode              = 'NO_AUTO_CREATE_USER,NO_ENGINE_SUBSTITUTION' */ ;
DELIMITER ;;
CREATE DEFINER=`root`@`localhost` PROCEDURE `DEV_GET_ROLES_LST`()
BEGIN
	SELECT * FROM sys_roles
    ORDER BY role_value;
END ;;
DELIMITER ;
/*!50003 SET sql_mode              = @saved_sql_mode */ ;
/*!50003 SET character_set_client  = @saved_cs_client */ ;
/*!50003 SET character_set_results = @saved_cs_results */ ;
/*!50003 SET collation_connection  = @saved_col_connection */ ;
/*!50003 DROP PROCEDURE IF EXISTS `DEV_GET_ROLES_MAP_ACTION_LST` */;
/*!50003 SET @saved_cs_client      = @@character_set_client */ ;
/*!50003 SET @saved_cs_results     = @@character_set_results */ ;
/*!50003 SET @saved_col_connection = @@collation_connection */ ;
/*!50003 SET character_set_client  = utf8 */ ;
/*!50003 SET character_set_results = utf8 */ ;
/*!50003 SET collation_connection  = utf8_general_ci */ ;
/*!50003 SET @saved_sql_mode       = @@sql_mode */ ;
/*!50003 SET sql_mode              = 'NO_AUTO_CREATE_USER,NO_ENGINE_SUBSTITUTION' */ ;
DELIMITER ;;
CREATE DEFINER=`root`@`localhost` PROCEDURE `DEV_GET_ROLES_MAP_ACTION_LST`()
BEGIN

	SELECT 
		SR.id AS role_id
	,	SR.name AS role_name
    ,	SR.role_value AS role_value
    ,	SR.description AS role_description
    FROM sys_roles AS SR
    ORDER BY SR.role_value;
    
	SELECT 
		SR.id AS role_id
	,	SR.name AS role_name
    ,	SR.role_value AS role_value
    ,	SR.description AS role_description
    ,	SS.module
    ,	SS.controller
    ,	SS.action
    ,	RMS.is_active AS is_active
    ,	CONCAT(LOWER(SS.module),'\\',LOWER(SS.controller),'\\',LOWER(SS.action)) AS screen_code
    FROM sys_roles AS SR
    LEFT JOIN sys_role_map_screen AS RMS ON
			SR.role_value = RMS.role_value
	LEFT JOIN sys_screens AS SS ON
			RMS.screen_id = SS.id
	ORDER BY
		SR.role_value
	,	RMS.screen_id;
	
END ;;
DELIMITER ;
/*!50003 SET sql_mode              = @saved_sql_mode */ ;
/*!50003 SET character_set_client  = @saved_cs_client */ ;
/*!50003 SET character_set_results = @saved_cs_results */ ;
/*!50003 SET collation_connection  = @saved_col_connection */ ;
/*!50003 DROP PROCEDURE IF EXISTS `DEV_GET_TRANSLATION_DATA_LST` */;
/*!50003 SET @saved_cs_client      = @@character_set_client */ ;
/*!50003 SET @saved_cs_results     = @@character_set_results */ ;
/*!50003 SET @saved_col_connection = @@collation_connection */ ;
/*!50003 SET character_set_client  = utf8 */ ;
/*!50003 SET character_set_results = utf8 */ ;
/*!50003 SET collation_connection  = utf8_general_ci */ ;
/*!50003 SET @saved_sql_mode       = @@sql_mode */ ;
/*!50003 SET sql_mode              = 'NO_AUTO_CREATE_USER,NO_ENGINE_SUBSTITUTION' */ ;
DELIMITER ;;
CREATE DEFINER=`root`@`localhost` PROCEDURE `DEV_GET_TRANSLATION_DATA_LST`( translate_type_code VARCHAR(50))
BEGIN
	SELECT 
			V.id
		,	V.lang_code
        ,	VI.type_name
		,	V.code
		,	V.text
        ,	TT.code AS translate_type_code
		FROM dev_translation AS V
		LEFT JOIN dev_validation_input_type AS VI ON
			V.input_type = VI.id
		LEFT JOIN dev_translate_type TT ON
			V.translate_type= TT.id
		WHERE
				V.is_deleted IS NULL
			OR  V.is_deleted<>1
			AND (	translate_type_code IS NULL OR TT.code= translate_type_code)
		ORDER BY
				V.lang_code
			,	V.code
			,	VI.type_name;
END ;;
DELIMITER ;
/*!50003 SET sql_mode              = @saved_sql_mode */ ;
/*!50003 SET character_set_client  = @saved_cs_client */ ;
/*!50003 SET character_set_results = @saved_cs_results */ ;
/*!50003 SET collation_connection  = @saved_col_connection */ ;
/*!50003 DROP PROCEDURE IF EXISTS `DEV_GET_VALIDATION_RULES_LST` */;
/*!50003 SET @saved_cs_client      = @@character_set_client */ ;
/*!50003 SET @saved_cs_results     = @@character_set_results */ ;
/*!50003 SET @saved_col_connection = @@collation_connection */ ;
/*!50003 SET character_set_client  = utf8 */ ;
/*!50003 SET character_set_results = utf8 */ ;
/*!50003 SET collation_connection  = utf8_general_ci */ ;
/*!50003 SET @saved_sql_mode       = @@sql_mode */ ;
/*!50003 SET sql_mode              = 'NO_AUTO_CREATE_USER,NO_ENGINE_SUBSTITUTION' */ ;
DELIMITER ;;
CREATE DEFINER=`root`@`localhost` PROCEDURE `DEV_GET_VALIDATION_RULES_LST`()
BEGIN
	SELECT 
		V.id
	,	V.lang_code
    ,	V.code
    ,	VI.type_name
    ,	V.text
	FROM dev_translation AS V
    LEFT JOIN dev_validation_input_type AS VI ON
		V.input_type = VI.id
	LEFT JOIN dev_translate_type TT ON
		V.translate_type= TT.id
	WHERE
			V.is_deleted IS NULL
		OR  V.is_deleted<>1
		AND TT.code= 'validation'
	ORDER BY
			V.lang_code
		,	V.code
        ,	VI.type_name;
    
END ;;
DELIMITER ;
/*!50003 SET sql_mode              = @saved_sql_mode */ ;
/*!50003 SET character_set_client  = @saved_cs_client */ ;
/*!50003 SET character_set_results = @saved_cs_results */ ;
/*!50003 SET collation_connection  = @saved_col_connection */ ;
/*!50003 DROP PROCEDURE IF EXISTS `TEST_USERS_LST` */;
/*!50003 SET @saved_cs_client      = @@character_set_client */ ;
/*!50003 SET @saved_cs_results     = @@character_set_results */ ;
/*!50003 SET @saved_col_connection = @@collation_connection */ ;
/*!50003 SET character_set_client  = utf8 */ ;
/*!50003 SET character_set_results = utf8 */ ;
/*!50003 SET collation_connection  = utf8_general_ci */ ;
/*!50003 SET @saved_sql_mode       = @@sql_mode */ ;
/*!50003 SET sql_mode              = 'NO_AUTO_CREATE_USER,NO_ENGINE_SUBSTITUTION' */ ;
DELIMITER ;;
CREATE DEFINER=`root`@`localhost` PROCEDURE `TEST_USERS_LST`(  a VARCHAR(20),b VARCHAR(20))
BEGIN
	select * from tbl_users;
    select a,b;
    
END ;;
DELIMITER ;
/*!50003 SET sql_mode              = @saved_sql_mode */ ;
/*!50003 SET character_set_client  = @saved_cs_client */ ;
/*!50003 SET character_set_results = @saved_cs_results */ ;
/*!50003 SET collation_connection  = @saved_col_connection */ ;
/*!40103 SET TIME_ZONE=@OLD_TIME_ZONE */;

/*!40101 SET SQL_MODE=@OLD_SQL_MODE */;
/*!40014 SET FOREIGN_KEY_CHECKS=@OLD_FOREIGN_KEY_CHECKS */;
/*!40014 SET UNIQUE_CHECKS=@OLD_UNIQUE_CHECKS */;
/*!40101 SET CHARACTER_SET_CLIENT=@OLD_CHARACTER_SET_CLIENT */;
/*!40101 SET CHARACTER_SET_RESULTS=@OLD_CHARACTER_SET_RESULTS */;
/*!40101 SET COLLATION_CONNECTION=@OLD_COLLATION_CONNECTION */;
/*!40111 SET SQL_NOTES=@OLD_SQL_NOTES */;

-- Dump completed on 2018-06-15 10:19:27
